Workbook
Name Slicer_Department_Name: #N/A
Name Slicer_Dept_Code: #N/A
Name Slicer_Emplyment_Status: #N/A
Name Slicer_Performance_Band: #N/A
Name Slicer_Performance_Score: #N/A

Sheet Charts

Sheet HR Dashboard

Sheet HR Dashboard (2)

Sheet HR Dashboard (3)

Sheet Analysis
A2: HEADCOUNT BY DEPARTMENT | F2: PERFORMANCE BY STATUS | I2: BONUS PAYOUT
A3: Row Labels | B3: Count of Emp ID | F3: Row Labels | G3: Average of Performance Score | I3: Row Labels | J3: Sum of Eligible Amount Bonus
A4: Finance | B4: 1 | F4: Active | G4: 67.034483 | I4: Achieving | J4: 164994.31
A5: Human Resources | B5: 4 | F5: Left | G5: 70.916667 | I5: Developing | J5: 84450.789
A6: Information Technology | B6: 6 | F6: Resigned | G6: 73.3 | I6: Exceeding | J6: 144546.95
A7: Marketing | B7: 3 | F7: (blank) | I7: Needs Improvement | J7: 0
A8: Operations | B8: 6 | F8: Grand Total | G8: 68.073333 | I8: Outstanding | J8: 92304.652
A9: Sales | B9: 8 | I9: (blank)
A10: Grand Total | B10: 28 | I10: Grand Total | J10: 486296.7
B12: =GETPIVOTDATA("Count of Emp ID",$A$3) -> 28
B14: ATTRITION RATE | I14: AVERAGE SALARY BY DEPARTMENT
A15: Count of Emp ID | B15: Column Labels | I15: Row Labels | J15: Sum of Salary
A16: Row Labels | B16: Active | C16: Left | D16: Resigned | E16: (blank) | F16: Grand Total | G16: Attriation Rate % | I16: Finance | J16: 1479279.3
A17: Finance | B17: 14 | C17: 3 | F17: 17 | G17: =D17/F17 -> 0 | I17: Human Resources | J17: 1538762.4
A18: Human Resources | B18: 14 | C18: 1 | D18: 3 | F18: 18 | G18: =D18/F18 -> 0.16666667 | I18: Information Technology | J18: 2894009.2
A19: Information Technology | B19: 32 | C19: 4 | F19: 36 | G19: =D19/F19 -> 0 | I19: Marketing | J19: 1621860.4
A20: Marketing | B20: 15 | C20: 2 | D20: 2 | F20: 19 | G20: =D20/F20 -> 0.10526316 | I20: Operations | J20: 2319666.9
A21: Operations | B21: 20 | C21: 7 | D21: 2 | F21: 29 | G21: =D21/F21 -> 0.068965517 | I21: Sales | J21: 2669201.4
A22: Sales | B22: 21 | C22: 7 | D22: 3 | F22: 31 | G22: =D22/F22 -> 0.096774194 | I22: (blank)
A23: (blank) | I23: Grand Total | J23: 12522780
A24: Grand Total | B24: 116 | C24: 24 | D24: 10 | F24: 150 | G24: =D24/F24 -> 0.066666667 | J24: =GETPIVOTDATA("Salary",$I$15) -> 12522780
G25: =G24 -> 0.066666667
A27: HEADCOUNT & AVERAGE SALARY BY DEPARTMENT
A28: Row Labels | B28: Count of Emp ID | C28: Sum of Salary
A29: Finance | B29: 17 | C29: 1479279.3
A30: Human Resources | B30: 18 | C30: 1538762.4
A31: Information Technology | B31: 36 | C31: 2894009.2
A32: Marketing | B32: 19 | C32: 1621860.4
A33: Operations | B33: 29 | C33: 2319666.9
A34: Sales | B34: 31 | C34: 2669201.4
A35: (blank)
A36: Grand Total | B36: 150 | C36: 12522780

Sheet Raw_Employee_Data with Fomulas
A1: Emp ID | B1: First_Name | C1: Last_Name | D1: Dept Code | E1: Hire Date | F1: Salary | G1: Performance Score | H1: Emplyment Status | I1: Full Name | J1: Department Name | K1: Years of Service | L1: Performance Band | M1: Eligible Amount Bonus
A2: EMP127 | B2: Emily | C2: Brown | D2: IT02 | E2: 43093 | F2: 50361 | G2: 52 | H2: Active | I2: =_xlfn.TEXTJOIN(" ",TRUE, 'Raw_Employee_Data with Fomulas'!$B2,'Raw_Employee_Data with Fomulas'!$C2) -> Emily Brown | J2: =_xlfn.XLOOKUP(D2,Lookup_Departments!A:A,Lookup_Departments!B:B) -> Information Technology | K2: =DATEDIF(E2,TODAY(),"Y") -> 8 | L2: {=_xlfn.IFS(G2<=49,"Needs Improvement",G2<=69,"Developing",G2<=84,"Achieving",G2<=94,"Exceeding",G2<=100,"Outstanding")} -> Developing | M2: =F2*_xlfn.XLOOKUP(L2,Lookup_Performance!$C$2:$C$6,Lookup_Performance!$D$2:$D$6,0) -> 1007.22
A3: EMP046 | B3: Richard | C3: Hernandez | D3: MKT04 | E3: 44777 | F3: 112673 | G3: 68 | H3: Left | I3: =_xlfn.TEXTJOIN(" ",TRUE, 'Raw_Employee_Data with Fomulas'!$B3,'Raw_Employee_Data with Fomulas'!$C3) -> Richard Hernandez | J3: =_xlfn.XLOOKUP(D3,Lookup_Departments!A:A,Lookup_Departments!B:B) -> Marketing | K3: =DATEDIF(E3,TODAY(),"Y") -> 3 | L3: {=_xlfn.IFS(G3<=49,"Needs Improvement",G3<=69,"Developing",G3<=84,"Achieving",G3<=94,"Exceeding",G3<=100,"Outstanding")} -> Developing | M3: =F3*_xlfn.XLOOKUP(L3,Lookup_Performance!$C$2:$C$6,Lookup_Performance!$D$2:$D$6,0) -> 2253.46
A4: EMP134 | B4: Emily | C4: Gonzalez | D4: IT02 | E4: 42403 | F4: 114425 | G4: 54 | H4: Active | I4: =_xlfn.TEXTJOIN(" ",TRUE, 'Raw_Employee_Data with Fomulas'!$B4,'Raw_Employee_Data with Fomulas'!$C4) -> Emily Gonzalez | J4: =_xlfn.XLOOKUP(D4,Lookup_Departments!A:A,Lookup_Departments!B:B) -> Information Technology | K4: =DATEDIF(E4,TODAY(),"Y") -> 10 | L4: {=_xlfn.IFS(G4<=49,"Needs Improvement",G4<=69,"Developing",G4<=84,"Achieving",G4<=94,"Exceeding",G4<=100,"Outstanding")} -> Developing | M4: =F4*_xlfn.XLOOKUP(L4,Lookup_Performance!$C$2:$C$6,Lookup_Performance!$D$2:$D$6,0) -> 2288.5
A5: EMP139 | B5: John | C5: Martinez | D5: FIN03 | E5: 44992 | F5: 103831 | G5: 70 | H5: Left | I5: =_xlfn.TEXTJOIN(" ",TRUE, 'Raw_Employee_Data with Fomulas'!$B5,'Raw_Employee_Data with Fomulas'!$C5) -> John Martinez | J5: =_xlfn.XLOOKUP(D5,Lookup_Departments!A:A,Lookup_Departments!B:B) -> Finance | K5: =DATEDIF(E5,TODAY(),"Y") -> 3 | L5: {=_xlfn.IFS(G5<=49,"Needs Improvement",G5<=69,"Developing",G5<=84,"Achieving",G5<=94,"Exceeding",G5<=100,"Outstanding")} -> Achieving | M5: =F5*_xlfn.XLOOKUP(L5,Lookup_Performance!$C$2:$C$6,Lookup_Performance!$D$2:$D$6,0) -> 5191.55
A6: EMP112 | B6: Thomas | C6: Smith | D6: IT02 | E6: 44977 | F6: 73785 | G6: 40 | H6: Active | I6: =_xlfn.TEXTJOIN(" ",TRUE, 'Raw_Employee_Data with Fomulas'!$B6,'Raw_Employee_Data with Fomulas'!$C6) -> Thomas Smith | J6: =_xlfn.XLOOKUP(D6,Lookup_Departments!A:A,Lookup_Departments!B:B) -> Information Technology | K6: =DATEDIF(E6,TODAY(),"Y") -> 3 | L6: {=_xlfn.IFS(G6<=49,"Needs Improvement",G6<=69,"Developing",G6<=84,"Achieving",G6<=94,"Exceeding",G6<=100,"Outstanding")} -> Needs Improvement | M6: =F6*_xlfn.XLOOKUP(L6,Lookup_Performance!$C$2:$C$6,Lookup_Performance!$D$2:$D$6,0) -> 0
A7: EMP030 | B7: Emily | C7: Johnson | D7: OPS06 | E7: 43892 | F7: 115882 | G7: 49 | H7: Left | I7: =_xlfn.TEXTJOIN(" ",TRUE, 'Raw_Employee_Data with Fomulas'!$B7,'Raw_Employee_Data with Fomulas'!$C7) -> Emily Johnson | J7: =_xlfn.XLOOKUP(D7,Lookup_Departments!A:A,Lookup_Departments!B:B) -> Operations | K7: =DATEDIF(E7,TODAY(),"Y") -> 6 | L7: {=_xlfn.IFS(G7<=49,"Needs Improvement",G7<=69,"Developing",G7<=84,"Achieving",G7<=94,"Exceeding",G7<=100,"Outstanding")} -> Needs Improvement | M7: =F7*_xlfn.XLOOKUP(L7,Lookup_Performance!$C$2:$C$6,Lookup_Performance!$D$2:$D$6,0) -> 0
A8: EMP096 | B8: John | C8: Wilson | D8: OPS06 | E8: 45272 | F8: 59980 | G8: 70 | H8: Active | I8: =_xlfn.TEXTJOIN(" ",TRUE, 'Raw_Employee_Data with Fomulas'!$B8,'Raw_Employee_Data with Fomulas'!$C8) -> John Wilson | J8: =_xlfn.XLOOKUP(D8,Lookup_Departments!A:A,Lookup_Departments!B:B) -> Operations | K8: =DATEDIF(E8,TODAY(),"Y") -> 2 | L8: {=_xlfn.IFS(G8<=49,"Needs Improvement",G8<=69,"Developing",G8<=84,"Achieving",G8<=94,"Exceeding",G8<=100,"Outstanding")} -> Achieving | M8: =F8*_xlfn.XLOOKUP(L8,Lookup_Performance!$C$2:$C$6,Lookup_Performance!$D$2:$D$6,0) -> 2999
A9: EMP098 | B9: Jessica | C9: Smith | D9: OPS06 | E9: 44086 | F9: 68728 | G9: 45 | H9: Active | I9: =_xlfn.TEXTJOIN(" ",TRUE, 'Raw_Employee_Data with Fomulas'!$B9,'Raw_Employee_Data with Fomulas'!$C9) -> Jessica Smith | J9: =_xlfn.XLOOKUP(D9,Lookup_Departments!A:A,Lookup_Departments!B:B) -> Operations | K9: =DATEDIF(E9,TODAY(),"Y") -> 5 | L9: {=_xlfn.IFS(G9<=49,"Needs Improvement",G9<=69,"Developing",G9<=84,"Achieving",G9<=94,"Exceeding",G9<=100,"Outstanding")} -> Needs Improvement | M9: =F9*_xlfn.XLOOKUP(L9,Lookup_Performance!$C$2:$C$6,Lookup_Performance!$D$2:$D$6,0) -> 0
A10: EMP095 | B10: Emily | C10: Rodriguez | D10: FIN03 | E10: 43282 | F10: 102139 | G10: 79 | H10: Active | I10: =_xlfn.TEXTJOIN(" ",TRUE, 'Raw_Employee_Data with Fomulas'!$B10,'Raw_Employee_Data with Fomulas'!$C10) -> Emily Rodriguez | J10: =_xlfn.XLOOKUP(D10,Lookup_Departments!A:A,Lookup_Departments!B:B) -> Finance | K10: =DATEDIF(E10,TODAY(),"Y") -> 8 | L10: {=_xlfn.IFS(G10<=49,"Needs Improvement",G10<=69,"Developing",G10<=84,"Achieving",G10<=94,"Exceeding",G10<=100,"Outstanding")} -> Achieving | M10: =F10*_xlfn.XLOOKUP(L10,Lookup_Performance!$C$2:$C$6,Lookup_Performance!$D$2:$D$6,0) -> 5106.95
A11: EMP140 | B11: Michael | C11: Martinez | D11: SAL05 | E11: 42411 | F11: 94998 | G11: 58 | H11: Active | I11: =_xlfn.TEXTJOIN(" ",TRUE, 'Raw_Employee_Data with Fomulas'!$B11,'Raw_Employee_Data with Fomulas'!$C11) -> Michael Martinez | J11: =_xlfn.XLOOKUP(D11,Lookup_Departments!A:A,Lookup_Departments!B:B) -> Sales | K11: =DATEDIF(E11,TODAY(),"Y") -> 10 | L11: {=_xlfn.IFS(G11<=49,"Needs Improvement",G11<=69,"Developing",G11<=84,"Achieving",G11<=94,"Exceeding",G11<=100,"Outstanding")} -> Developing | M11: =F11*_xlfn.XLOOKUP(L11,Lookup_Performance!$C$2:$C$6,Lookup_Performance!$D$2:$D$6,0) -> 1899.96
A12: EMP020 | B12: Emily | C12: Miller | D12: SAL05 | E12: 43911 | F12: 118635 | G12: 49 | H12: Active | I12: =_xlfn.TEXTJOIN(" ",TRUE, 'Raw_Employee_Data with Fomulas'!$B12,'Raw_Employee_Data with Fomulas'!$C12) -> Emily Miller | J12: =_xlfn.XLOOKUP(D12,Lookup_Departments!A:A,Lookup_Departments!B:B) -> Sales | K12: =DATEDIF(E12,TODAY(),"Y") -> 6 | L12: {=_xlfn.IFS(G12<=49,"Needs Improvement",G12<=69,"Developing",G12<=84,"Achieving",G12<=94,"Exceeding",G12<=100,"Outstanding")} -> Needs Improvement | M12: =F12*_xlfn.XLOOKUP(L12,Lookup_Performance!$C$2:$C$6,Lookup_Performance!$D$2:$D$6,0) -> 0
A13: EMP057 | B13: Emily | C13: Hernandez | D13: IT02 | E13: 42425 | F13: 76918 | G13: 62 | H13: Active | I13: =_xlfn.TEXTJOIN(" ",TRUE, 'Raw_Employee_Data with Fomulas'!$B13,'Raw_Employee_Data with Fomulas'!$C13) -> Emily Hernandez | J13: =_xlfn.XLOOKUP(D13,Lookup_Departments!A:A,Lookup_Departments!B:B) -> Information Technology | K13: =DATEDIF(E13,TODAY(),"Y") -> 10 | L13: {=_xlfn.IFS(G13<=49,"Needs Improvement",G13<=69,"Developing",G13<=84,"Achieving",G13<=94,"Exceeding",G13<=100,"Outstanding")} -> Developing | M13: =F13*_xlfn.XLOOKUP(L13,Lookup_Performance!$C$2:$C$6,Lookup_Performance!$D$2:$D$6,0) -> 1538.36
... A151: EMP103 | B151: Amanda | C151: Brown | D151: IT02 | E151: 43800 | F151: 118634 | G151: 91 | H151: Active | I151: =_xlfn.TEXTJOIN(" ",TRUE, 'Raw_Employee_Data with Fomulas'!$B151,'Raw_Employee_Data with Fomulas'!$C151) -> Amanda Brown | J151: =_xlfn.XLOOKUP(D151,Lookup_Departments!A:A,Lookup_Departments!B:B) -> Information Technology | K151: =DATEDIF(E151,TODAY(),"Y") -> 6 | L151: {=_xlfn.IFS(G151<=49,"Needs Improvement",G151<=69,"Developing",G151<=84,"Achieving",G151<=94,"Exceeding",G151<=100,"Outstanding")} -> Exceeding | M151: =F151*_xlfn.XLOOKUP(L151,Lookup_Performance!$C$2:$C$6,Lookup_Performance!$D$2:$D$6,0) -> 9490.72
I152: =_xlfn.TEXTJOIN(" ",TRUE, 'Raw_Employee_Data with Fomulas'!$B152,'Raw_Employee_Data with Fomulas'!$C152)
I153: =_xlfn.TEXTJOIN(" ",TRUE, 'Raw_Employee_Data with Fomulas'!$B153,'Raw_Employee_Data with Fomulas'!$C153)
I154: =_xlfn.TEXTJOIN(" ",TRUE, 'Raw_Employee_Data with Fomulas'!$B154,'Raw_Employee_Data with Fomulas'!$C154)
I155: =_xlfn.TEXTJOIN(" ",TRUE, 'Raw_Employee_Data with Fomulas'!$B155,'Raw_Employee_Data with Fomulas'!$C155)
I156: =_xlfn.TEXTJOIN(" ",TRUE, 'Raw_Employee_Data with Fomulas'!$B156,'Raw_Employee_Data with Fomulas'!$C156)
I157: =_xlfn.TEXTJOIN(" ",TRUE, 'Raw_Employee_Data with Fomulas'!$B157,'Raw_Employee_Data with Fomulas'!$C157)
I158: =_xlfn.TEXTJOIN(" ",TRUE, 'Raw_Employee_Data with Fomulas'!$B158,'Raw_Employee_Data with Fomulas'!$C158)
I159: =_xlfn.TEXTJOIN(" ",TRUE, 'Raw_Employee_Data with Fomulas'!$B159,'Raw_Employee_Data with Fomulas'!$C159)
I160: =_xlfn.TEXTJOIN(" ",TRUE, 'Raw_Employee_Data with Fomulas'!$B160,'Raw_Employee_Data with Fomulas'!$C160)
I161: =_xlfn.TEXTJOIN(" ",TRUE, 'Raw_Employee_Data with Fomulas'!$B161,'Raw_Employee_Data with Fomulas'!$C161)
I162: =_xlfn.TEXTJOIN(" ",TRUE, 'Raw_Employee_Data with Fomulas'!$B162,'Raw_Employee_Data with Fomulas'!$C162)
I163: =_xlfn.TEXTJOIN(" ",TRUE, 'Raw_Employee_Data with Fomulas'!$B163,'Raw_Employee_Data with Fomulas'!$C163)
... I165: =_xlfn.TEXTJOIN(" ",TRUE, 'Raw_Employee_Data with Fomulas'!$B165,'Raw_Employee_Data with Fomulas'!$C165)

Sheet Raw_Employee_Data
A1: Emp ID | B1: First_Name | C1: Last_Name | D1: Dept Code | E1: Hire Date | F1: Salary | G1: Performance Score | H1: Emplyment Status | I1: Full Name | J1: Department Name | K1: Years of Service | L1: Performance Band | M1: Eligible Amount Bonus
A2: EMP127 | B2: Emily | C2: Brown | D2: IT02 | E2: 43093 | F2: 50361 | G2: 52 | H2: Active | I2: =_xlfn.TEXTJOIN(" ",TRUE, Raw_Employee_Data!$B2,Raw_Employee_Data!$C2) -> Emily Brown | J2: =_xlfn.XLOOKUP(D2,Lookup_Departments!A:A,Lookup_Departments!B:B) -> Information Technology | K2: =DATEDIF(E2,TODAY(),"Y") -> 8 | L2: {=_xlfn.IFS(G2<=49,"Needs Improvement",G2<=69,"Developing",G2<=84,"Achieving",G2<=94,"Exceeding",G2<=100,"Outstanding")} -> Developing | M2: =F2*_xlfn.XLOOKUP(L2,Lookup_Performance!$C$2:$C$6,Lookup_Performance!$D$2:$D$6,0) -> 1007.22
A3: EMP046 | B3: Richard | C3: Hernandez | D3: MKT04 | E3: 44777 | F3: 112673 | G3: 68 | H3: Left | I3: =_xlfn.TEXTJOIN(" ",TRUE, Raw_Employee_Data!$B3,Raw_Employee_Data!$C3) -> Richard Hernandez | J3: =_xlfn.XLOOKUP(D3,Lookup_Departments!A:A,Lookup_Departments!B:B) -> Marketing | K3: =DATEDIF(E3,TODAY(),"Y") -> 3 | L3: {=_xlfn.IFS(G3<=49,"Needs Improvement",G3<=69,"Developing",G3<=84,"Achieving",G3<=94,"Exceeding",G3<=100,"Outstanding")} -> Developing | M3: =F3*_xlfn.XLOOKUP(L3,Lookup_Performance!$C$2:$C$6,Lookup_Performance!$D$2:$D$6,0) -> 2253.46
A4: EMP134 | B4: Emily | C4: Gonzalez | D4: IT02 | E4: 42403 | F4: 114425 | G4: 54 | H4: Active | I4: =_xlfn.TEXTJOIN(" ",TRUE, Raw_Employee_Data!$B4,Raw_Employee_Data!$C4) -> Emily Gonzalez | J4: =_xlfn.XLOOKUP(D4,Lookup_Departments!A:A,Lookup_Departments!B:B) -> Information Technology | K4: =DATEDIF(E4,TODAY(),"Y") -> 10 | L4: {=_xlfn.IFS(G4<=49,"Needs Improvement",G4<=69,"Developing",G4<=84,"Achieving",G4<=94,"Exceeding",G4<=100,"Outstanding")} -> Developing | M4: =F4*_xlfn.XLOOKUP(L4,Lookup_Performance!$C$2:$C$6,Lookup_Performance!$D$2:$D$6,0) -> 2288.5
A5: EMP139 | B5: John | C5: Martinez | D5: FIN03 | E5: 44992 | F5: 103831 | G5: 70 | H5: Left | I5: =_xlfn.TEXTJOIN(" ",TRUE, Raw_Employee_Data!$B5,Raw_Employee_Data!$C5) -> John Martinez | J5: =_xlfn.XLOOKUP(D5,Lookup_Departments!A:A,Lookup_Departments!B:B) -> Finance | K5: =DATEDIF(E5,TODAY(),"Y") -> 3 | L5: {=_xlfn.IFS(G5<=49,"Needs Improvement",G5<=69,"Developing",G5<=84,"Achieving",G5<=94,"Exceeding",G5<=100,"Outstanding")} -> Achieving | M5: =F5*_xlfn.XLOOKUP(L5,Lookup_Performance!$C$2:$C$6,Lookup_Performance!$D$2:$D$6,0) -> 5191.55
A6: EMP112 | B6: Thomas | C6: Smith | D6: IT02 | E6: 44977 | F6: 73785 | G6: 40 | H6: Active | I6: =_xlfn.TEXTJOIN(" ",TRUE, Raw_Employee_Data!$B6,Raw_Employee_Data!$C6) -> Thomas Smith | J6: =_xlfn.XLOOKUP(D6,Lookup_Departments!A:A,Lookup_Departments!B:B) -> Information Technology | K6: =DATEDIF(E6,TODAY(),"Y") -> 3 | L6: {=_xlfn.IFS(G6<=49,"Needs Improvement",G6<=69,"Developing",G6<=84,"Achieving",G6<=94,"Exceeding",G6<=100,"Outstanding")} -> Needs Improvement | M6: =F6*_xlfn.XLOOKUP(L6,Lookup_Performance!$C$2:$C$6,Lookup_Performance!$D$2:$D$6,0) -> 0
A7: EMP030 | B7: Emily | C7: Johnson | D7: OPS06 | E7: 43892 | F7: 115882 | G7: 49 | H7: Left | I7: =_xlfn.TEXTJOIN(" ",TRUE, Raw_Employee_Data!$B7,Raw_Employee_Data!$C7) -> Emily Johnson | J7: =_xlfn.XLOOKUP(D7,Lookup_Departments!A:A,Lookup_Departments!B:B) -> Operations | K7: =DATEDIF(E7,TODAY(),"Y") -> 6 | L7: {=_xlfn.IFS(G7<=49,"Needs Improvement",G7<=69,"Developing",G7<=84,"Achieving",G7<=94,"Exceeding",G7<=100,"Outstanding")} -> Needs Improvement | M7: =F7*_xlfn.XLOOKUP(L7,Lookup_Performance!$C$2:$C$6,Lookup_Performance!$D$2:$D$6,0) -> 0
A8: EMP096 | B8: John | C8: Wilson | D8: OPS06 | E8: 45272 | F8: 59980 | G8: 70 | H8: Active | I8: =_xlfn.TEXTJOIN(" ",TRUE, Raw_Employee_Data!$B8,Raw_Employee_Data!$C8) -> John Wilson | J8: =_xlfn.XLOOKUP(D8,Lookup_Departments!A:A,Lookup_Departments!B:B) -> Operations | K8: =DATEDIF(E8,TODAY(),"Y") -> 2 | L8: {=_xlfn.IFS(G8<=49,"Needs Improvement",G8<=69,"Developing",G8<=84,"Achieving",G8<=94,"Exceeding",G8<=100,"Outstanding")} -> Achieving | M8: =F8*_xlfn.XLOOKUP(L8,Lookup_Performance!$C$2:$C$6,Lookup_Performance!$D$2:$D$6,0) -> 2999
A9: EMP098 | B9: Jessica | C9: Smith | D9: OPS06 | E9: 44086 | F9: 68728 | G9: 45 | H9: Active | I9: =_xlfn.TEXTJOIN(" ",TRUE, Raw_Employee_Data!$B9,Raw_Employee_Data!$C9) -> Jessica Smith | J9: =_xlfn.XLOOKUP(D9,Lookup_Departments!A:A,Lookup_Departments!B:B) -> Operations | K9: =DATEDIF(E9,TODAY(),"Y") -> 5 | L9: {=_xlfn.IFS(G9<=49,"Needs Improvement",G9<=69,"Developing",G9<=84,"Achieving",G9<=94,"Exceeding",G9<=100,"Outstanding")} -> Needs Improvement | M9: =F9*_xlfn.XLOOKUP(L9,Lookup_Performance!$C$2:$C$6,Lookup_Performance!$D$2:$D$6,0) -> 0
A10: EMP095 | B10: Emily | C10: Rodriguez | D10: FIN03 | E10: 43282 | F10: 102139 | G10: 79 | H10: Active | I10: =_xlfn.TEXTJOIN(" ",TRUE, Raw_Employee_Data!$B10,Raw_Employee_Data!$C10) -> Emily Rodriguez | J10: =_xlfn.XLOOKUP(D10,Lookup_Departments!A:A,Lookup_Departments!B:B) -> Finance | K10: =DATEDIF(E10,TODAY(),"Y") -> 8 | L10: {=_xlfn.IFS(G10<=49,"Needs Improvement",G10<=69,"Developing",G10<=84,"Achieving",G10<=94,"Exceeding",G10<=100,"Outstanding")} -> Achieving | M10: =F10*_xlfn.XLOOKUP(L10,Lookup_Performance!$C$2:$C$6,Lookup_Performance!$D$2:$D$6,0) -> 5106.95
A11: EMP140 | B11: Michael | C11: Martinez | D11: SAL05 | E11: 42411 | F11: 94998 | G11: 58 | H11: Active | I11: =_xlfn.TEXTJOIN(" ",TRUE, Raw_Employee_Data!$B11,Raw_Employee_Data!$C11) -> Michael Martinez | J11: =_xlfn.XLOOKUP(D11,Lookup_Departments!A:A,Lookup_Departments!B:B) -> Sales | K11: =DATEDIF(E11,TODAY(),"Y") -> 10 | L11: {=_xlfn.IFS(G11<=49,"Needs Improvement",G11<=69,"Developing",G11<=84,"Achieving",G11<=94,"Exceeding",G11<=100,"Outstanding")} -> Developing | M11: =F11*_xlfn.XLOOKUP(L11,Lookup_Performance!$C$2:$C$6,Lookup_Performance!$D$2:$D$6,0) -> 1899.96
A12: EMP020 | B12: Emily | C12: Miller | D12: SAL05 | E12: 43911 | F12: 118635 | G12: 49 | H12: Active | I12: =_xlfn.TEXTJOIN(" ",TRUE, Raw_Employee_Data!$B12,Raw_Employee_Data!$C12) -> Emily Miller | J12: =_xlfn.XLOOKUP(D12,Lookup_Departments!A:A,Lookup_Departments!B:B) -> Sales | K12: =DATEDIF(E12,TODAY(),"Y") -> 6 | L12: {=_xlfn.IFS(G12<=49,"Needs Improvement",G12<=69,"Developing",G12<=84,"Achieving",G12<=94,"Exceeding",G12<=100,"Outstanding")} -> Needs Improvement | M12: =F12*_xlfn.XLOOKUP(L12,Lookup_Performance!$C$2:$C$6,Lookup_Performance!$D$2:$D$6,0) -> 0
A13: EMP057 | B13: Emily | C13: Hernandez | D13: IT02 | E13: 42425 | F13: 76918 | G13: 62 | H13: Active | I13: =_xlfn.TEXTJOIN(" ",TRUE, Raw_Employee_Data!$B13,Raw_Employee_Data!$C13) -> Emily Hernandez | J13: =_xlfn.XLOOKUP(D13,Lookup_Departments!A:A,Lookup_Departments!B:B) -> Information Technology | K13: =DATEDIF(E13,TODAY(),"Y") -> 10 | L13: {=_xlfn.IFS(G13<=49,"Needs Improvement",G13<=69,"Developing",G13<=84,"Achieving",G13<=94,"Exceeding",G13<=100,"Outstanding")} -> Developing | M13: =F13*_xlfn.XLOOKUP(L13,Lookup_Performance!$C$2:$C$6,Lookup_Performance!$D$2:$D$6,0) -> 1538.36
... A151: EMP103 | B151: Amanda | C151: Brown | D151: IT02 | E151: 43800 | F151: 118634 | G151: 91 | H151: Active | I151: =_xlfn.TEXTJOIN(" ",TRUE, Raw_Employee_Data!$B151,Raw_Employee_Data!$C151) -> Amanda Brown | J151: =_xlfn.XLOOKUP(D151,Lookup_Departments!A:A,Lookup_Departments!B:B) -> Information Technology | K151: =DATEDIF(E151,TODAY(),"Y") -> 6 | L151: {=_xlfn.IFS(G151<=49,"Needs Improvement",G151<=69,"Developing",G151<=84,"Achieving",G151<=94,"Exceeding",G151<=100,"Outstanding")} -> Exceeding | M151: =F151*_xlfn.XLOOKUP(L151,Lookup_Performance!$C$2:$C$6,Lookup_Performance!$D$2:$D$6,0) -> 9490.72
I152: =_xlfn.TEXTJOIN(" ",TRUE, Raw_Employee_Data!$B152,Raw_Employee_Data!$C152)
I153: =_xlfn.TEXTJOIN(" ",TRUE, Raw_Employee_Data!$B153,Raw_Employee_Data!$C153)
I154: =_xlfn.TEXTJOIN(" ",TRUE, Raw_Employee_Data!$B154,Raw_Employee_Data!$C154)
I155: =_xlfn.TEXTJOIN(" ",TRUE, Raw_Employee_Data!$B155,Raw_Employee_Data!$C155)
I156: =_xlfn.TEXTJOIN(" ",TRUE, Raw_Employee_Data!$B156,Raw_Employee_Data!$C156)
I157: =_xlfn.TEXTJOIN(" ",TRUE, Raw_Employee_Data!$B157,Raw_Employee_Data!$C157)
I158: =_xlfn.TEXTJOIN(" ",TRUE, Raw_Employee_Data!$B158,Raw_Employee_Data!$C158)
I159: =_xlfn.TEXTJOIN(" ",TRUE, Raw_Employee_Data!$B159,Raw_Employee_Data!$C159)
I160: =_xlfn.TEXTJOIN(" ",TRUE, Raw_Employee_Data!$B160,Raw_Employee_Data!$C160)
I161: =_xlfn.TEXTJOIN(" ",TRUE, Raw_Employee_Data!$B161,Raw_Employee_Data!$C161)
I162: =_xlfn.TEXTJOIN(" ",TRUE, Raw_Employee_Data!$B162,Raw_Employee_Data!$C162)
I163: =_xlfn.TEXTJOIN(" ",TRUE, Raw_Employee_Data!$B163,Raw_Employee_Data!$C163)
... I165: =_xlfn.TEXTJOIN(" ",TRUE, Raw_Employee_Data!$B165,Raw_Employee_Data!$C165)

Sheet Lookup_Departments
A1: Dept_Code | B1: Department_Name
A2: HR01 | B2: Human Resources
A3: IT02 | B3: Information Technology
A4: FIN03 | B4: Finance
A5: MKT04 | B5: Marketing
A6: SAL05 | B6: Sales
A7: OPS06 | B7: Operations

Sheet Lookup_Performance
A1: Min_Score | B1: Max_Score | C1: Performance_Band | D1: Bonus_Percentage
A2: 0 | B2: 49 | C2: Needs Improvement | D2: 0
A3: 50 | B3: 69 | C3: Developing | D3: 0.02
A4: 70 | B4: 84 | C4: Achieving | D4: 0.05
A5: 85 | B5: 94 | C5: Exceeding | D5: 0.08
A6: 95 | B6: 100 | C6: Outstanding | D6: 0.12
